ID,Condition,RT
1,Compatible,0.5706705359460055
2,Compatible,0.403309017447843
3,Compatible,0.723239920746118
4,Compatible,0.34192834092855
5,Compatible,0.449129616659852
6,Compatible,0.8117892543936109
7,Compatible,0.32524527208568055
8,Compatible,0.418696852275221
9,Compatible,0.389018209926989
10,Compatible,0.481166512134194
11,Compatible,0.813957016861496
12,Compatible,0.722963539515458
