ID,Condition,RT
1,Incompatible,0.5451207416766675
2,Incompatible,0.421203977677057
3,Incompatible,0.711274865918806
4,Incompatible,0.382622950949884
5,Incompatible,0.439131558286911
6,Incompatible,0.8507877212382675
7,Incompatible,0.306232654177312
8,Incompatible,0.396791122322286
9,Incompatible,0.424349034914854
10,Incompatible,0.477783042856893
11,Incompatible,0.8096742463622625
12,Incompatible,0.7305159723818955
